SEGMENT_KEY,CORRIDOR,DIR,REF_POINT,SMT_CITY_NAME,COUNTY,CRASH_MONTH,CRASH_YEAR,DAY_OF_WEEK,SMS_X_CORD,SMS_Y_CORD,LATITUDE,LONGITUDE,REF_POINT_FLOAT
C000291_000+0.000_000+0.067_N-291,C000291,D,000+0.005,NOT IN CITY LIMITS,GALLATIN,AUGUST,2023,SUN,468968.79961,170146.63501,45.768313156745002,-111.185269874189,0.005
C000291_000+0.000_000+0.067_N-291,C000291,D,000+0.013,BELGRADE,GALLATIN,MARCH,2023,THU,468966.73696,170159.66430,45.768430000000002,-111.1853,0.013
C000291_000+0.000_000+0.067_N-291,C000291,D,000+0.023,BELGRADE,GALLATIN,MAY,2021,SAT,468967.07162,170175.21543,45.768569999999997,-111.1853,0.023
C000291_000+0.000_000+0.067_N-291,C000291,D,000+0.048,BELGRADE,GALLATIN,JUNE,2019,TUE,468965.19000,170215.20500,45.7691560996274,-111.185335170049,0.048
C000291_000+0.000_000+0.067_N-291,C000291,D,000+0.052,BELGRADE,GALLATIN,MARCH,2020,THU,468965.52100,170222.61300,45.7691560996274,-111.185335170049,0.052
C000291_000+0.000_000+0.067_N-291,C000291,D,000+0.055,BELGRADE,GALLATIN,SEPTEMBER,2021,FRI,468965.54400,170226.57900,45.7691560996274,-111.185335170049,0.055
C000291_000+0.067_000+0.328_N-291,C000291,D,000+0.085,BELGRADE,GALLATIN,AUGUST,2022,FRI,468967.57100,170275.86100,45.7691560996274,-111.185335170049,0.085
C000291_000+0.067_000+0.328_N-291,C000291,D,000+0.109,BELGRADE,GALLATIN,AUGUST,2020,FRI,468970.03573,170312.95396,45.76981,-111.1853,0.109
C000291_000+0.067_000+0.328_N-291,C000291,D,000+0.155,BELGRADE,GALLATIN,NOVEMBER,2023,MON,468979.41088,170387.20991,45.770479999999999,-111.18519999999999,0.155
C000291_000+0.067_000+0.328_N-291,C000291,D,000+0.166,BELGRADE,GALLATIN,DECEMBER,2021,THU,468979.79332,170404.98262,45.77064,-111.18519999999999,0.166
C000291_000+0.067_000+0.328_N-291,C000291,D,000+0.177,BELGRADE,GALLATIN,OCTOBER,2020,WED,468980.17577,170422.75533,45.770800000000001,-111.18519999999999,0.177
C000291_000+0.067_000+0.328_N-291,C000291,D,000+0.177,BELGRADE,GALLATIN,SEPTEMBER,2019,SAT,468980.17577,170422.75533,45.770800000000001,-111.18519999999999,0.177
C000291_000+0.067_000+0.328_N-291,C000291,D,000+0.178,BELGRADE,GALLATIN,JULY,2021,MON,468980.19967,170423.86612,45.770809999999997,-111.18519999999999,0.178
C000291_000+0.067_000+0.328_N-291,C000291,D,000+0.191,BELGRADE,GALLATIN,APRIL,2022,FRI,468972.88031,170445.13850,45.771000000000001,-111.1853,0.191
C000291_000+0.067_000+0.328_N-291,C000291,D,000+0.193,BELGRADE,GALLATIN,JANUARY,2023,THU,468957.42893,170449.91626,45.771039999999999,-111.1855,0.193
C000291_000+0.067_000+0.328_N-291,C000291,D,000+0.198,BELGRADE,GALLATIN,OCTOBER,2021,THU,468980.91675,170457.18995,45.77111,-111.18519999999999,0.198
C000291_000+0.067_000+0.328_N-291,C000291,D,000+0.211,BELGRADE,GALLATIN,AUGUST,2020,FRI,468982.28549,170476.91024,,,0.211
C000291_000+0.067_000+0.328_N-291,C000291,D,000+0.226,BELGRADE,GALLATIN,FEBRUARY,2021,MON,468950.80303,170503.40169,45.771520000000002,-111.18559999999999,0.226
C000291_000+0.067_000+0.328_N-291,C000291,D,000+0.226,BELGRADE,GALLATIN,OCTOBER,2023,THU,468966.34989,170503.06708,45.771520000000002,-111.1854,0.226
C000291_000+0.067_000+0.328_N-291,C000291,D,000+0.232,BELGRADE,GALLATIN,JUNE,2019,SAT,468935.49528,170514.84427,45.771619999999999,-111.1858,0.232
C000291_000+0.067_000+0.328_N-291,C000291,D,000+0.238,BELGRADE,GALLATIN,NOVEMBER,2020,WED,468935.71048,170524.84142,45.771709999999999,-111.1858,0.238
C000291_000+0.067_000+0.328_N-291,C000291,D,000+0.255,BELGRADE,GALLATIN,DECEMBER,2022,FRI,468967.35392,170549.72043,45.771940000000001,-111.1854,0.255
C000291_000+0.067_000+0.328_N-291,C000291,D,000+0.255,BELGRADE,GALLATIN,JULY,2022,FRI,468985.13200,170547.98600,45.772039126507,-111.185022205673,0.255
C000291_000+0.067_000+0.328_N-291,C000291,D,000+0.267,BELGRADE,GALLATIN,JULY,2020,MON,468959.98697,170568.77123,45.772109999999998,-111.1855,0.267
C000291_000+0.067_000+0.328_N-291,C000291,D,000+0.291,BELGRADE,GALLATIN,SEPTEMBER,2019,WED,468953.05041,170607.81632,45.772460000000002,-111.18559999999999,0.291
C000291_000+0.067_000+0.328_N-291,C000291,D,000+0.293,BELGRADE,GALLATIN,SEPTEMBER,2022,TUE,468987.43600,170608.84300,45.7729292329355,-111.185137902274,0.293
C000291_000+0.067_000+0.328_N-291,C000291,D,000+0.302,BELGRADE,GALLATIN,SEPTEMBER,2023,TUE,468968.95559,170624.14363,45.77261,-111.1854,0.302
C000291_000+0.067_000+0.328_N-291,C000291,D,000+0.304,BELGRADE,GALLATIN,JANUARY,2022,MON,468988.36200,170627.49700,45.7729292329355,-111.185137902274,0.304
C000291_000+0.067_000+0.328_N-291,C000291,D,000+0.310,BELGRADE,GALLATIN,FEBRUARY,2022,SAT,468989.28900,170637.15400,45.7729292329355,-111.185137902274,0.31
C000291_000+0.067_000+0.328_N-291,C000291,D,000+0.311,BELGRADE,GALLATIN,JANUARY,2020,THU,468984.81288,170638.24939,45.772739999999999,-111.18519999999999,0.311
C000291_000+0.067_000+0.328_N-291,C000291,D,000+0.324,BELGRADE,GALLATIN,JULY,2022,SUN,468990.08500,170658.43200,45.7729292329355,-111.185137902274,0.324
C000291_000+0.328_000+0.722_N-291,C000291,D,000+0.328,BELGRADE,GALLATIN,OCTOBER,2022,SAT,468990.28100,170665.53100,45.7729292329355,-111.185137902274,0.328
C000291_000+0.328_000+0.722_N-291,C000291,D,000+0.328,BELGRADE,GALLATIN,OCTOBER,2022,FRI,468990.28100,170665.53100,45.7729292329355,-111.185137902274,0.328
C000291_000+0.328_000+0.722_N-291,C000291,D,000+0.332,BELGRADE,GALLATIN,JULY,2021,THU,468985.52996,170671.57321,45.773040000000002,-111.18519999999999,0.332
C000291_000+0.328_000+0.722_N-291,C000291,D,000+0.334,BELGRADE,GALLATIN,AUGUST,2020,WED,468990.94200,170675.71700,45.7729292329355,-111.185137902274,0.334
C000291_000+0.328_000+0.722_N-291,C000291,D,000+0.334,BELGRADE,GALLATIN,AUGUST,2020,SAT,468990.94200,170675.71700,45.7729292329355,-111.185137902274,0.334
C000291_000+0.328_000+0.722_N-291,C000291,D,000+0.334,BELGRADE,GALLATIN,AUGUST,2021,MON,468985.60167,170674.90559,45.773069999999997,-111.18519999999999,0.334
C000291_000+0.328_000+0.722_N-291,C000291,D,000+0.334,BELGRADE,GALLATIN,JUNE,2020,THU,468990.94200,170675.71700,45.7729292329355,-111.185137902274,0.334
C000291_000+0.328_000+0.722_N-291,C000291,D,000+0.336,BELGRADE,GALLATIN,JANUARY,2020,THU,468991.07400,170678.23100,45.7729292329355,-111.185137902274,0.336
C000291_000+0.328_000+0.722_N-291,C000291,D,000+0.356,BELGRADE,GALLATIN,AUGUST,2021,WED,468994.13972,170710.28373,45.773389999999999,-111.18510000000001,0.356
C000291_000+0.328_000+0.722_N-291,C000291,D,000+0.368,BELGRADE,GALLATIN,FEBRUARY,2023,FRI,468947.93110,170731.28173,45.773569999999999,-111.1857,0.368
C000291_000+0.328_000+0.722_N-291,C000291,D,000+0.371,BELGRADE,GALLATIN,JANUARY,2020,WED,468994.66555,170734.72119,45.773609999999998,-111.18510000000001,0.371
C000291_000+0.328_000+0.722_N-291,C000291,D,000+0.382,BELGRADE,GALLATIN,DECEMBER,2021,SAT,468995.04797,170752.49389,45.773769999999999,-111.18510000000001,0.382
C000291_000+0.328_000+0.722_N-291,C000291,D,000+0.398,BELGRADE,GALLATIN,JUNE,2019,SUN,468995.63900,170778.77200,0,0,0.398
C000291_000+0.328_000+0.722_N-291,C000291,D,000+0.416,BELGRADE,GALLATIN,NOVEMBER,2020,TUE,468949.60478,170809.03728,45.774270000000001,-111.1857,0.416
C000291_000+0.328_000+0.722_N-291,C000291,D,000+0.443,BELGRADE,GALLATIN,OCTOBER,2019,WED,468997.15128,170850.24373,45.774650000000001,-111.18510000000001,0.443
C000291_000+0.328_000+0.722_N-291,C000291,D,000+0.459,BELGRADE,GALLATIN,MAY,2020,FRI,468989.92805,170875.95924,45.774880000000003,-111.18519999999999,0.459
C000291_000+0.328_000+0.722_N-291,C000291,D,000+0.472,NOT IN CITY LIMITS,GALLATIN,JULY,2019,TUE,469002.98672,170896.68333,,,0.472
C000291_000+0.328_000+0.722_N-291,C000291,D,000+0.474,BELGRADE,GALLATIN,JANUARY,2021,THU,469000.46400,170900.84400,45.7749017235438,-111.185070693605,0.474
C000291_000+0.328_000+0.722_N-291,C000291,D,000+0.522,BELGRADE,GALLATIN,OCTOBER,2019,MON,468999.87602,170976.87418,45.775790000000001,-111.18510000000001,0.522
C000291_000+0.328_000+0.722_N-291,C000291,D,000+0.524,BELGRADE,GALLATIN,SEPTEMBER,2022,FRI,468999.97162,170981.31735,45.775829999999999,-111.18510000000001,0.524
C000291_000+0.328_000+0.722_N-291,C000291,D,000+0.529,BELGRADE,GALLATIN,AUGUST,2021,FRI,469000.13893,170989.09290,45.7759,-111.18510000000001,0.529
C000291_000+0.328_000+0.722_N-291,C000291,D,000+0.551,BELGRADE,GALLATIN,JANUARY,2022,TUE,469004.49700,171024.14900,45.7760005873969,-111.185057678645,0.551
C000291_000+0.328_000+0.722_N-291,C000291,D,000+0.559,BELGRADE,GALLATIN,MAY,2021,TUE,469008.93943,171036.68977,45.776330000000002,-111.185,0.559
C000291_000+0.328_000+0.722_N-291,C000291,D,000+0.631,BELGRADE,GALLATIN,JANUARY,2020,MON,468988.13111,171153.82479,45.777380000000001,-111.1853,0.631
C000291_000+0.328_000+0.722_N-291,C000291,D,000+0.655,BELGRADE,GALLATIN,SEPTEMBER,2020,FRI,469012.26151,171191.09000,45.777720000000002,-111.185,0.655
C000291_000+0.328_000+0.722_N-291,C000291,D,000+0.662,BELGRADE,GALLATIN,MAY,2019,THU,469004.72796,171202.36517,45.777819999999998,-111.18510000000001,0.662
C000291_000+0.328_000+0.722_N-291,C000291,D,000+0.676,BELGRADE,GALLATIN,MAY,2019,FRI,469005.20599,171224.58102,45.778019999999998,-111.18510000000001,0.676
C000291_000+0.328_000+0.722_N-291,C000291,D,000+0.680,BELGRADE,GALLATIN,JULY,2021,WED,469013.14580,171232.18933,45.778089999999999,-111.185,0.68
C000291_000+0.328_000+0.722_N-291,C000291,D,000+0.701,BELGRADE,GALLATIN,MAY,2021,TUE,469006.09033,171265.68035,45.778390000000002,-111.18510000000001,0.701
C000291_000+0.328_000+0.722_N-291,C000291,D,000+0.702,BELGRADE,GALLATIN,DECEMBER,2023,THU,469013.12000,171266.96400,45.7786616520416,-111.185004886959,0.702
C000291_000+0.722_000+0.829_N-291,C000291,D,000+0.724,BELGRADE,GALLATIN,OCTOBER,2019,TUE,469014.01300,171302.35700,45.7786616520416,-111.185004886959,0.724
C000291_000+0.722_000+0.829_N-291,C000291,D,000+0.726,BELGRADE,GALLATIN,JULY,2022,FRI,469013.64900,171305.39500,45.7786616520416,-111.185004886959,0.726
C000291_000+0.722_000+0.829_N-291,C000291,D,000+0.727,BELGRADE,GALLATIN,JULY,2021,TUE,469014.50900,171307.71000,45.7786616520416,-111.185004886959,0.727
C000291_000+0.722_000+0.829_N-291,C000291,D,000+0.732,BELGRADE,GALLATIN,AUGUST,2023,WED,469007.14199,171314.55523,45.778829999999999,-111.18510000000001,0.732
C000291_000+0.722_000+0.829_N-291,C000291,D,000+0.747,BELGRADE,GALLATIN,DECEMBER,2023,SAT,469007.69171,171340.10346,45.779060000000001,-111.18510000000001,0.747
C000291_000+0.722_000+0.829_N-291,C000291,D,000+0.760,NOT IN CITY LIMITS,GALLATIN,MARCH,2023,MON,469016.26341,171359.59227,45.779237027971902,-111.184995159314,0.76
C000291_000+0.722_000+0.829_N-291,C000291,D,000+0.813,BELGRADE,GALLATIN,APRIL,2020,WED,469016.11900,171446.08300,45.7802562373743,-111.185004860405,0.813
C000291_000+0.722_000+0.829_N-291,C000291,D,000+0.816,BELGRADE,GALLATIN,JUNE,2019,TUE,469015.92000,171450.44900,45.7802562373743,-111.185004860405,0.816
C000291_000+0.722_000+0.829_N-291,C000291,D,000+0.817,BELGRADE,GALLATIN,NOVEMBER,2021,MON,469016.64800,171452.43300,45.7802562373743,-111.185004860405,0.817
C000291_000+0.829_001+0.842_U-606,C000291,D,000+0.840,BELGRADE,GALLATIN,DECEMBER,2021,WED,469018.23500,171488.54900,45.7802562373743,-111.185004860405,0.84
C000291_000+0.829_001+0.842_U-606,C000291,D,000+0.841,BELGRADE,GALLATIN,MAY,2020,TUE,469018.23500,171490.26800,45.7802562373743,-111.185004860405,0.841
C000291_000+0.829_001+0.842_U-606,C000291,D,000+0.843,BELGRADE,GALLATIN,SEPTEMBER,2022,FRI,469018.03700,171492.98000,45.7802562373743,-111.185004860405,0.843
C000291_000+0.829_001+0.842_U-606,C000291,D,000+0.848,BELGRADE,GALLATIN,MAY,2021,WED,469011.18129,171502.27915,45.780520000000003,-111.18510000000001,0.848
C000291_000+0.829_001+0.842_U-606,C000291,D,000+0.876,BELGRADE,GALLATIN,AUGUST,2021,SAT,469004.36524,171546.87808,45.780920000000002,-111.18519999999999,0.876
C000291_000+0.829_001+0.842_U-606,C000291,D,000+0.926,BELGRADE,GALLATIN,JANUARY,2021,MON,469019.45100,171627.63900,45.7816586892517,-111.185027369927,0.926
C000291_000+0.829_001+0.842_U-606,C000291,D,001+0.329,BELGRADE,GALLATIN,FEBRUARY,2020,THU,469037.10800,172275.52000,45.787367925089,-111.184984478926,1.329
C000291_000+0.829_001+0.842_U-606,C000291,D,001+0.361,BELGRADE,GALLATIN,JUNE,2020,TUE,469038.76000,172327.54900,0,0,1.361
C000291_000+0.000_000+0.067_N-291,C000291,A,000+0.003,BELGRADE,GALLATIN,JANUARY,2022,TUE,468981.78278,170136.00304,45.768219999999999,-111.18510000000001,0.003
C000291_000+0.000_000+0.067_N-291,C000291,A,000+0.009,BELGRADE,GALLATIN,FEBRUARY,2019,MON,468974.22400,170146.16747,45.76831,-111.18519999999999,0.009
C000291_000+0.000_000+0.067_N-291,C000291,A,000+0.009,BELGRADE,GALLATIN,JANUARY,2022,SAT,468974.22400,170146.16747,45.76831,-111.18519999999999,0.009
C000291_000+0.000_000+0.067_N-291,C000291,A,000+0.009,BELGRADE,GALLATIN,OCTOBER,2021,TUE,468974.22400,170146.16747,45.76831,-111.18519999999999,0.009
C000291_000+0.000_000+0.067_N-291,C000291,A,000+0.009,BELGRADE,GALLATIN,SEPTEMBER,2021,MON,468974.22400,170146.16747,45.76831,-111.18519999999999,0.009
C000291_000+0.000_000+0.067_N-291,C000291,A,000+0.020,BELGRADE,GALLATIN,JANUARY,2023,FRI,468982.38031,170163.77291,45.768470000000001,-111.18510000000001,0.02
C000291_000+0.000_000+0.067_N-291,C000291,A,000+0.023,NOT IN CITY LIMITS,GALLATIN,MAY,2020,THU,468976.96500,170168.01300,45.7691560996274,-111.185335170049,0.023
C000291_000+0.000_000+0.067_N-291,C000291,A,000+0.035,BELGRADE,GALLATIN,FEBRUARY,2021,THU,468977.89000,170187.09300,45.7691560996274,-111.185335170049,0.035
C000291_000+0.000_000+0.067_N-291,C000291,A,000+0.035,BELGRADE,GALLATIN,MAY,2021,TUE,468977.89000,170187.09300,45.7691560996274,-111.185335170049,0.035
C000291_000+0.000_000+0.067_N-291,C000291,A,000+0.040,BELGRADE,GALLATIN,AUGUST,2022,THU,468975.27572,170195.04245,45.768749999999997,-111.18519999999999,0.04
C000291_000+0.000_000+0.067_N-291,C000291,A,000+0.044,BELGRADE,GALLATIN,JUNE,2021,FRI,468977.97900,170202.50200,45.7691560996274,-111.185335170049,0.044
C000291_000+0.000_000+0.067_N-291,C000291,A,000+0.047,BELGRADE,GALLATIN,MARCH,2019,SUN,468991.08627,170206.92665,45.768859999999997,-111.185,0.047
C000291_000+0.000_000+0.067_N-291,C000291,A,000+0.051,BELGRADE,GALLATIN,SEPTEMBER,2021,FRI,468978.24400,170214.14300,45.7691560996274,-111.185335170049,0.051
C000291_000+0.000_000+0.067_N-291,C000291,A,000+0.052,BELGRADE,GALLATIN,MAY,2022,MON,468978.22100,170215.20500,45.7691560996274,-111.185335170049,0.052
C000291_000+0.000_000+0.067_N-291,C000291,A,000+0.052,BELGRADE,GALLATIN,SEPTEMBER,2020,WED,468978.35300,170214.54400,45.7691560996274,-111.185335170049,0.052
C000291_000+0.000_000+0.067_N-291,C000291,A,000+0.052,BELGRADE,GALLATIN,SEPTEMBER,2022,WED,468978.02200,170215.13900,45.7691560996274,-111.185335170049,0.052
C000291_000+0.000_000+0.067_N-291,C000291,A,000+0.053,BELGRADE,GALLATIN,FEBRUARY,2019,TUE,468978.41900,170215.93300,45.7691560996274,-111.185335170049,0.053
C000291_000+0.000_000+0.067_N-291,C000291,A,000+0.053,BELGRADE,GALLATIN,FEBRUARY,2019,TUE,468978.41900,170215.93300,45.7691560996274,-111.185335170049,0.053
C000291_000+0.000_000+0.067_N-291,C000291,A,000+0.053,BELGRADE,GALLATIN,FEBRUARY,2019,WED,468983.50367,170215.98027,45.768940000000001,-111.18510000000001,0.053
C000291_000+0.000_000+0.067_N-291,C000291,A,000+0.054,BELGRADE,GALLATIN,FEBRUARY,2019,FRI,468978.33600,170218.46900,45.7691560996274,-111.185335170049,0.054
C000291_000+0.000_000+0.067_N-291,C000291,A,000+0.055,BELGRADE,GALLATIN,MARCH,2020,SAT,468983.57537,170219.31265,45.768970000000003,-111.18510000000001,0.055
C000291_000+0.000_000+0.067_N-291,C000291,A,000+0.059,BELGRADE,GALLATIN,MAY,2021,TUE,468983.71878,170225.97742,45.769030000000001,-111.18510000000001,0.059
C000291_000+0.000_000+0.067_N-291,C000291,A,000+0.060,BELGRADE,GALLATIN,APRIL,2021,THU,468983.74268,170227.08822,45.769039999999997,-111.18510000000001,0.06
C000291_000+0.000_000+0.067_N-291,C000291,A,000+0.060,BELGRADE,GALLATIN,FEBRUARY,2019,THU,468975.96890,170227.25549,45.769039999999997,-111.18519999999999,0.06
C000291_000+0.000_000+0.067_N-291,C000291,A,000+0.067,BELGRADE,GALLATIN,MARCH,2023,FRI,468978.81300,170239.01500,45.7691560996274,-111.185335170049,0.067
C000291_000+0.067_000+0.328_N-291,C000291,A,000+0.073,BELGRADE,GALLATIN,SEPTEMBER,2020,MON,468976.44695,170249.47139,45.769240000000003,-111.18519999999999,0.073
C000291_000+0.067_000+0.328_N-291,C000291,A,000+0.074,BELGRADE,GALLATIN,APRIL,2021,THU,468979.47700,170249.53500,45.7691560996274,-111.185335170049,0.074
C000291_000+0.067_000+0.328_N-291,C000291,A,000+0.074,BELGRADE,GALLATIN,FEBRUARY,2022,THU,468991.99446,170249.13685,45.769240000000003,-111.185,0.074
C000291_000+0.067_000+0.328_N-291,C000291,A,000+0.076,BELGRADE,GALLATIN,AUGUST,2020,FRI,468999.83991,170252.30198,45.769269999999999,-111.1849,0.076
C000291_000+0.067_000+0.328_N-291,C000291,A,000+0.078,BELGRADE,GALLATIN,DECEMBER,2021,MON,468976.61427,170257.24695,45.769309999999997,-111.18519999999999,0.078
C000291_000+0.067_000+0.328_N-291,C000291,A,000+0.078,BELGRADE,GALLATIN,JANUARY,2022,WED,468976.61427,170257.24695,45.769309999999997,-111.18519999999999,0.078
C000291_000+0.067_000+0.328_N-291,C000291,A,000+0.080,BELGRADE,GALLATIN,SEPTEMBER,2023,WED,468984.45972,170260.41206,45.76934,-111.18510000000001,0.08
C000291_000+0.067_000+0.328_N-291,C000291,A,000+0.085,BELGRADE,GALLATIN,APRIL,2019,TUE,469000.17449,170267.85310,45.769410000000001,-111.1849,0.085
C000291_000+0.067_000+0.328_N-291,C000291,A,000+0.086,BELGRADE,GALLATIN,OCTOBER,2019,WED,468984.65093,170269.29842,45.769419999999997,-111.18510000000001,0.086
C000291_000+0.067_000+0.328_N-291,C000291,A,000+0.088,BELGRADE,GALLATIN,DECEMBER,2021,WED,468992.49636,170272.46354,45.769449999999999,-111.185,0.088
C000291_000+0.067_000+0.328_N-291,C000291,A,000+0.094,BELGRADE,GALLATIN,JUNE,2022,SAT,469000.46127,170281.18264,45.769530000000003,-111.1849,0.094
C000291_000+0.067_000+0.328_N-291,C000291,A,000+0.102,BELGRADE,GALLATIN,FEBRUARY,2023,WED,469000.74805,170294.51218,45.769649999999999,-111.1849,0.102
C000291_000+0.067_000+0.328_N-291,C000291,A,000+0.102,BELGRADE,GALLATIN,OCTOBER,2023,FRI,468992.97436,170294.67943,45.769649999999999,-111.185,0.102
C000291_000+0.067_000+0.328_N-291,C000291,A,000+0.107,BELGRADE,GALLATIN,JANUARY,2019,MON,468981.58200,170303.63500,45.7691560996274,-111.185335170049,0.107
C000291_000+0.067_000+0.328_N-291,C000291,A,000+0.113,BELGRADE,GALLATIN,MARCH,2020,MON,468977.80940,170312.78668,45.76981,-111.18519999999999,0.113
C000291_000+0.067_000+0.328_N-291,C000291,A,000+0.120,BELGRADE,GALLATIN,JANUARY,2019,THU,468994.59461,170323.36029,,,0.12
C000291_000+0.067_000+0.328_N-291,C000291,A,000+0.121,BELGRADE,GALLATIN,FEBRUARY,2021,FRI,469001.39331,170324.50363,45.769919999999999,-111.1849,0.121
C000291_000+0.067_000+0.328_N-291,C000291,A,000+0.184,BELGRADE,GALLATIN,DECEMBER,2019,THU,468988.04491,170427.03124,45.77084,-111.18510000000001,0.184
C000291_000+0.067_000+0.328_N-291,C000291,A,000+0.193,BELGRADE,GALLATIN,DECEMBER,2019,FRI,468988.35562,170441.47156,45.770969999999998,-111.18510000000001,0.193
C000291_000+0.067_000+0.328_N-291,C000291,A,000+0.194,BELGRADE,GALLATIN,FEBRUARY,2019,TUE,468988.37952,170442.58236,45.770980000000002,-111.18510000000001,0.194
C000291_000+0.067_000+0.328_N-291,C000291,A,000+0.221,BELGRADE,GALLATIN,JUNE,2021,WED,468997.10903,170486.84687,45.771380000000001,-111.185,0.221
C000291_000+0.067_000+0.328_N-291,C000291,A,000+0.243,BELGRADE,GALLATIN,JUNE,2023,MON,468994.78900,170521.13000,45.772039126507,-111.185022205673,0.243
C000291_000+0.067_000+0.328_N-291,C000291,A,000+0.259,NOT IN CITY LIMITS,GALLATIN,AUGUST,2020,WED,469003.88197,170546.44326,,,0.259
C000291_000+0.067_000+0.328_N-291,C000291,A,000+0.314,BELGRADE,GALLATIN,DECEMBER,2023,FRI,468999.34300,170635.36800,0,0,0.314
C000291_000+0.067_000+0.328_N-291,C000291,A,000+0.321,BELGRADE,GALLATIN,FEBRUARY,2019,TUE,469000.29800,170646.76400,45.7729292329355,-111.185137902274,0.321
C000291_000+0.067_000+0.328_N-291,C000291,A,000+0.321,BELGRADE,GALLATIN,JANUARY,2022,TUE,469000.13600,170647.87000,45.7729292329355,-111.185137902274,0.321
C000291_000+0.067_000+0.328_N-291,C000291,A,000+0.321,BELGRADE,GALLATIN,MAY,2019,SUN,469000.29500,170647.40700,45.7729292329355,-111.185137902274,0.321
C000291_000+0.067_000+0.328_N-291,C000291,A,000+0.322,BELGRADE,GALLATIN,FEBRUARY,2019,TUE,469000.37700,170649.22400,45.7729292329355,-111.185137902274,0.322
C000291_000+0.067_000+0.328_N-291,C000291,A,000+0.324,BELGRADE,GALLATIN,MARCH,2023,SAT,469000.55300,170652.55200,45.7729292329355,-111.185137902274,0.324
C000291_000+0.328_000+0.722_N-291,C000291,A,000+0.328,BELGRADE,GALLATIN,JANUARY,2023,TUE,469000.71900,170658.99600,45.7729292329355,-111.185137902274,0.328
C000291_000+0.328_000+0.722_N-291,C000291,A,000+0.329,BELGRADE,GALLATIN,FEBRUARY,2023,SAT,469000.59900,170660.57000,45.7729292329355,-111.185137902274,0.329
C000291_000+0.328_000+0.722_N-291,C000291,A,000+0.329,BELGRADE,GALLATIN,JANUARY,2023,WED,468999.29100,170660.62500,45.7729292329355,-111.185137902274,0.329
C000291_000+0.328_000+0.722_N-291,C000291,A,000+0.329,BELGRADE,GALLATIN,JULY,2023,SAT,469000.59900,170660.57000,45.7729292329355,-111.185137902274,0.329
C000291_000+0.328_000+0.722_N-291,C000291,A,000+0.330,BELGRADE,GALLATIN,DECEMBER,2022,FRI,469000.88520,170662.35234,45.772959999999998,-111.185,0.33
C000291_000+0.328_000+0.722_N-291,C000291,A,000+0.330,BELGRADE,GALLATIN,SEPTEMBER,2022,FRI,469000.88520,170662.35234,45.772959999999998,-111.185,0.33
C000291_000+0.328_000+0.722_N-291,C000291,A,000+0.330,BELGRADE,GALLATIN,SEPTEMBER,2023,MON,469000.50300,170661.62300,45.7729292329355,-111.185137902274,0.33
C000291_000+0.328_000+0.722_N-291,C000291,A,000+0.331,BELGRADE,GALLATIN,JANUARY,2019,SUN,469000.97745,170663.31896,45.7729292329355,-111.185137902274,0.331
C000291_000+0.328_000+0.722_N-291,C000291,A,000+0.334,BELGRADE,GALLATIN,JULY,2019,THU,469000.93000,170667.33000,45.7729292329355,-111.185137902274,0.334
C000291_000+0.328_000+0.722_N-291,C000291,A,000+0.334,BELGRADE,GALLATIN,JULY,2019,MON,469000.93000,170667.33000,45.7729292329355,-111.185137902274,0.334
C000291_000+0.328_000+0.722_N-291,C000291,A,000+0.338,BELGRADE,GALLATIN,DECEMBER,2020,TUE,469008.92131,170674.40383,45.773069999999997,-111.1849,0.338
C000291_000+0.328_000+0.722_N-291,C000291,A,000+0.342,BELGRADE,GALLATIN,JULY,2019,MON,469001.56500,170680.66500,45.7729292329355,-111.185137902274,0.342
C000291_000+0.328_000+0.722_N-291,C000291,A,000+0.346,BELGRADE,GALLATIN,NOVEMBER,2023,WED,469009.20809,170687.73335,45.77319,-111.1849,0.346
C000291_000+0.328_000+0.722_N-291,C000291,A,000+0.347,BELGRADE,GALLATIN,JANUARY,2019,THU,469002.14800,170688.49400,45.7729292329355,-111.185137902274,0.347
C000291_000+0.328_000+0.722_N-291,C000291,A,000+0.359,BELGRADE,GALLATIN,FEBRUARY,2020,MON,469001.88899,170709.00568,45.773380000000003,-111.185,0.359
C000291_000+0.328_000+0.722_N-291,C000291,A,000+0.367,BELGRADE,GALLATIN,DECEMBER,2020,THU,469003.32204,170720.70184,,,0.367
C000291_000+0.328_000+0.722_N-291,C000291,A,000+0.381,BELGRADE,GALLATIN,MAY,2020,FRI,469033.72239,170742.77138,45.773690000000002,-111.1846,0.381
C000291_000+0.328_000+0.722_N-291,C000291,A,000+0.382,BELGRADE,GALLATIN,NOVEMBER,2020,SUN,469033.74628,170743.88218,45.773699999999998,-111.1846,0.382
C000291_000+0.328_000+0.722_N-291,C000291,A,000+0.388,BELGRADE,GALLATIN,APRIL,2023,THU,469049.48366,170752.43413,45.773780000000002,-111.1844,0.388
C000291_000+0.328_000+0.722_N-291,C000291,A,000+0.390,BELGRADE,GALLATIN,MAY,2023,TUE,469041.78223,170755.93371,45.773809999999997,-111.1845,0.39
C000291_000+0.328_000+0.722_N-291,C000291,A,000+0.392,BELGRADE,GALLATIN,OCTOBER,2019,THU,469004.70900,170761.51700,0,0,0.392
C000291_000+0.328_000+0.722_N-291,C000291,A,000+0.393,BELGRADE,GALLATIN,FEBRUARY,2021,WED,469004.75500,170762.17800,0,0,0.393
C000291_000+0.328_000+0.722_N-291,C000291,A,000+0.394,BELGRADE,GALLATIN,OCTOBER,2020,FRI,469026.37938,170762.93288,45.773870000000002,-111.18470000000001,0.394
C000291_000+0.328_000+0.722_N-291,C000291,A,000+0.396,BELGRADE,GALLATIN,JUNE,2021,TUE,469003.15568,170767.87775,45.773910000000001,-111.185,0.396
C000291_000+0.328_000+0.722_N-291,C000291,A,000+0.414,BELGRADE,GALLATIN,AUGUST,2021,SAT,469011.55013,170796.59115,45.774169999999998,-111.1849,0.414
C000291_000+0.328_000+0.722_N-291,C000291,A,000+0.435,BELGRADE,GALLATIN,MAY,2019,TUE,469012.29098,170831.02575,45.774479999999997,-111.1849,0.435
C000291_000+0.328_000+0.722_N-291,C000291,A,000+0.449,BELGRADE,GALLATIN,NOVEMBER,2021,TUE,469004.97207,170852.29807,45.77467,-111.185,0.449
C000291_000+0.328_000+0.722_N-291,C000291,A,000+0.463,BELGRADE,GALLATIN,OCTOBER,2019,MON,469008.42800,170875.19200,45.7749017235438,-111.185070693605,0.463
C000291_000+0.328_000+0.722_N-291,C000291,A,000+0.480,BELGRADE,GALLATIN,JULY,2019,TUE,469006.07146,170903.39457,45.775129999999997,-111.185,0.48
C000291_000+0.328_000+0.722_N-291,C000291,A,000+0.526,BELGRADE,GALLATIN,MARCH,2020,FRI,469012.23600,170977.51600,45.7760005873969,-111.185057678645,0.526
C000291_000+0.328_000+0.722_N-291,C000291,A,000+0.527,BELGRADE,GALLATIN,DECEMBER,2021,WED,469012.10400,170977.91300,45.7760005873969,-111.185057678645,0.527
C000291_000+0.328_000+0.722_N-291,C000291,A,000+0.536,BELGRADE,GALLATIN,JUNE,2019,FRI,469012.77300,170992.06000,45.7760005873969,-111.185057678645,0.536
C000291_000+0.328_000+0.722_N-291,C000291,A,000+0.537,BELGRADE,GALLATIN,NOVEMBER,2023,MON,469008.03124,170994.47962,45.775950000000002,-111.185,0.537
C000291_000+0.328_000+0.722_N-291,C000291,A,000+0.546,BELGRADE,GALLATIN,JUNE,2021,WED,469013.03000,171008.60500,45.7760005873969,-111.185057678645,0.546
C000291_000+0.328_000+0.722_N-291,C000291,A,000+0.546,BELGRADE,GALLATIN,NOVEMBER,2023,THU,469013.22800,171009.53100,45.7760005873969,-111.185057678645,0.546
C000291_000+0.328_000+0.722_N-291,C000291,A,000+0.548,BELGRADE,GALLATIN,JUNE,2023,MON,469013.22800,171011.71400,45.7760005873969,-111.185057678645,0.548
C000291_000+0.328_000+0.722_N-291,C000291,A,000+0.560,BELGRADE,GALLATIN,AUGUST,2019,TUE,469024.36545,171030.80134,45.77628,-111.1848,0.56
C000291_000+0.328_000+0.722_N-291,C000291,A,000+0.596,BELGRADE,GALLATIN,MARCH,2023,FRI,469017.85931,171089.84060,45.776809999999998,-111.1849,0.596
C000291_000+0.328_000+0.722_N-291,C000291,A,000+0.608,BELGRADE,GALLATIN,JANUARY,2019,TUE,469020.89770,171108.66792,,,0.608
C000291_000+0.328_000+0.722_N-291,C000291,A,000+0.612,BELGRADE,GALLATIN,AUGUST,2021,TUE,469057.24833,171113.44205,45.777030000000003,-111.1844,0.612
C000291_000+0.328_000+0.722_N-291,C000291,A,000+0.649,BELGRADE,GALLATIN,MARCH,2021,THU,469020.41300,171174.09200,45.7776861929792,-111.184884027996,0.649
C000291_000+0.328_000+0.722_N-291,C000291,A,000+0.650,BELGRADE,GALLATIN,JUNE,2021,WED,469020.34700,171176.27500,45.7776861929792,-111.184884027996,0.65
C000291_000+0.328_000+0.722_N-291,C000291,A,000+0.652,BELGRADE,GALLATIN,JULY,2021,MON,469020.47900,171178.65600,45.7776861929792,-111.184884027996,0.652
C000291_000+0.328_000+0.722_N-291,C000291,A,000+0.662,BELGRADE,GALLATIN,OCTOBER,2023,THU,469027.90220,171195.19872,45.777760000000001,-111.1848,0.662
C000291_000+0.328_000+0.722_N-291,C000291,A,000+0.669,BELGRADE,GALLATIN,FEBRUARY,2021,WED,469020.36864,171206.47387,45.777859999999997,-111.1849,0.669
C000291_000+0.328_000+0.722_N-291,C000291,A,000+0.673,BELGRADE,GALLATIN,APRIL,2021,THU,469028.28455,171212.97141,45.777920000000002,-111.1848,0.673
C000291_000+0.328_000+0.722_N-291,C000291,A,000+0.674,BELGRADE,GALLATIN,JUNE,2023,FRI,469020.53593,171214.24942,45.777929999999998,-111.1849,0.674
C000291_000+0.328_000+0.722_N-291,C000291,A,000+0.686,BELGRADE,GALLATIN,APRIL,2020,WED,469028.71470,171232.96568,45.778100000000002,-111.1848,0.686
C000291_000+0.328_000+0.722_N-291,C000291,A,000+0.688,BELGRADE,GALLATIN,DECEMBER,2019,WED,469028.81029,171237.40885,45.77814,-111.1848,0.688
C000291_000+0.328_000+0.722_N-291,C000291,A,000+0.706,BELGRADE,GALLATIN,JUNE,2021,TUE,469021.65915,171266.45668,45.778399999999998,-111.1849,0.706
C000291_000+0.328_000+0.722_N-291,C000291,A,000+0.708,BELGRADE,GALLATIN,JULY,2020,FRI,469022.46700,171268.83400,45.7786616520416,-111.185004886959,0.708
C000291_000+0.328_000+0.722_N-291,C000291,A,000+0.709,BELGRADE,GALLATIN,JANUARY,2020,MON,469022.57800,171270.53600,45.7786616520416,-111.185004886959,0.709
C000291_000+0.328_000+0.722_N-291,C000291,A,000+0.711,BELGRADE,GALLATIN,JANUARY,2020,SUN,469022.71100,171274.50400,45.7786616520416,-111.185004886959,0.711
C000291_000+0.328_000+0.722_N-291,C000291,A,000+0.719,BELGRADE,GALLATIN,NOVEMBER,2019,THU,469022.38000,171287.60100,45.7786616520416,-111.185004886959,0.719
C000291_000+0.328_000+0.722_N-291,C000291,A,000+0.721,BELGRADE,GALLATIN,DECEMBER,2019,THU,469022.74500,171290.76800,45.7786616520416,-111.185004886959,0.721
C000291_000+0.722_000+0.829_N-291,C000291,A,000+0.736,BELGRADE,GALLATIN,APRIL,2022,MON,469030.45918,171314.05355,45.778829999999999,-111.1848,0.736
C000291_000+0.722_000+0.829_N-291,C000291,A,000+0.736,BELGRADE,GALLATIN,SEPTEMBER,2020,TUE,469030.45918,171314.05355,45.778829999999999,-111.1848,0.736
C000291_000+0.722_000+0.829_N-291,C000291,A,000+0.741,BELGRADE,GALLATIN,NOVEMBER,2021,WED,469022.85407,171321.99632,45.7789,-111.1849,0.741
C000291_000+0.722_000+0.829_N-291,C000291,A,000+0.754,BELGRADE,GALLATIN,JUNE,2019,WED,469023.30814,171343.10138,45.779089999999997,-111.1849,0.754
C000291_000+0.722_000+0.829_N-291,C000291,A,000+0.757,BELGRADE,GALLATIN,OCTOBER,2023,WED,469038.97233,171348.32092,45.779139999999998,-111.18470000000001,0.757
C000291_000+0.722_000+0.829_N-291,C000291,A,000+0.759,BELGRADE,GALLATIN,NOVEMBER,2022,FRI,469023.49932,171351.98772,45.779170000000001,-111.1849,0.759
C000291_000+0.722_000+0.829_N-291,C000291,A,000+0.768,BELGRADE,GALLATIN,JANUARY,2019,WED,469031.42855,171365.08570,45.7802562373743,-111.185004860405,0.768
C000291_000+0.722_000+0.829_N-291,C000291,A,000+0.794,BELGRADE,GALLATIN,NOVEMBER,2019,MON,469027.38000,171408.33600,45.7802562373743,-111.185004860405,0.794
C000291_000+0.722_000+0.829_N-291,C000291,A,000+0.812,BELGRADE,GALLATIN,OCTOBER,2023,SUN,469025.33950,171437.51874,45.779940000000003,-111.1849,0.812
C000291_000+0.722_000+0.829_N-291,C000291,A,000+0.816,BELGRADE,GALLATIN,DECEMBER,2023,FRI,469028.04100,171443.79000,45.7802562373743,-111.185004860405,0.816
C000291_000+0.722_000+0.829_N-291,C000291,A,000+0.817,BELGRADE,GALLATIN,JULY,2021,WED,469028.43800,171445.31100,45.7802562373743,-111.185004860405,0.817
C000291_000+0.722_000+0.829_N-291,C000291,A,000+0.818,BELGRADE,GALLATIN,DECEMBER,2021,SUN,469028.42200,171446.48000,45.7802562373743,-111.185004860405,0.818
C000291_000+0.722_000+0.829_N-291,C000291,A,000+0.818,BELGRADE,GALLATIN,FEBRUARY,2022,TUE,469028.09100,171446.54600,45.7802562373743,-111.185004860405,0.818
C000291_000+0.722_000+0.829_N-291,C000291,A,000+0.818,BELGRADE,GALLATIN,NOVEMBER,2023,TUE,469027.95900,171446.21500,45.7802562373743,-111.185004860405,0.818
C000291_000+0.722_000+0.829_N-291,C000291,A,000+0.818,BELGRADE,GALLATIN,OCTOBER,2021,FRI,469028.02500,171446.08300,45.7802562373743,-111.185004860405,0.818
C000291_000+0.722_000+0.829_N-291,C000291,A,000+0.818,BELGRADE,GALLATIN,SEPTEMBER,2020,TUE,469028.15700,171445.81800,45.7802562373743,-111.185004860405,0.818
C000291_000+0.722_000+0.829_N-291,C000291,A,000+0.819,BELGRADE,GALLATIN,JULY,2021,TUE,469028.15700,171447.53800,45.7802562373743,-111.185004860405,0.819
C000291_000+0.722_000+0.829_N-291,C000291,A,000+0.819,BELGRADE,GALLATIN,JUNE,2020,FRI,469027.89300,171448.20000,45.7802562373743,-111.185004860405,0.819
C000291_000+0.722_000+0.829_N-291,C000291,A,000+0.819,BELGRADE,GALLATIN,NOVEMBER,2022,FRI,469028.15700,171447.53800,45.7802562373743,-111.185004860405,0.819
C000291_000+0.722_000+0.829_N-291,C000291,A,000+0.820,BELGRADE,GALLATIN,FEBRUARY,2019,TUE,469028.35600,171450.11800,45.7802562373743,-111.185004860405,0.82
C000291_000+0.722_000+0.829_N-291,C000291,A,000+0.820,BELGRADE,GALLATIN,FEBRUARY,2019,TUE,469028.35600,171450.11800,45.7802562373743,-111.185004860405,0.82
C000291_000+0.722_000+0.829_N-291,C000291,A,000+0.820,BELGRADE,GALLATIN,JANUARY,2021,THU,469033.37460,171449.57025,45.780050000000003,-111.1848,0.82
C000291_000+0.722_000+0.829_N-291,C000291,A,000+0.828,BELGRADE,GALLATIN,JANUARY,2022,WED,469028.48800,171462.95000,45.7802562373743,-111.185004860405,0.828
C000291_000+0.829_001+0.842_U-606,C000291,A,000+0.853,BELGRADE,GALLATIN,NOVEMBER,2020,SUN,469026.72560,171501.94470,45.780520000000003,-111.1849,0.853
C000291_000+0.829_001+0.842_U-606,C000291,A,000+0.872,BELGRADE,GALLATIN,MAY,2023,MON,469065.70383,171533.51343,45.780811613678999,-111.184407453143,0.872
C000291_000+0.829_001+0.842_U-606,C000291,A,000+0.875,BELGRADE,GALLATIN,MARCH,2019,FRI,469050.83058,171538.09925,45.780850000000001,-111.1846,0.875
C000291_000+0.829_001+0.842_U-606,C000291,A,000+0.880,BELGRADE,GALLATIN,OCTOBER,2019,WED,469027.56200,171545.43400,45.7802562373743,-111.185004860405,0.88
C000291_000+0.829_001+0.842_U-606,C000291,A,000+0.880,BELGRADE,GALLATIN,OCTOBER,2023,THU,469058.79383,171546.81841,45.780929999999998,-111.1845,0.88
C000291_000+0.829_001+0.842_U-606,C000291,A,000+0.958,BELGRADE,GALLATIN,APRIL,2021,FRI,469030.38205,171671.89590,45.782049999999998,-111.1849,0.958
C000291_000+0.829_001+0.842_U-606,C000291,A,001+0.094,BELGRADE,GALLATIN,MARCH,2022,THU,469035.06613,171889.61109,45.784010000000002,-111.1849,1.094
C000291_000+0.829_001+0.842_U-606,C000291,A,001+0.280,BELGRADE,GALLATIN,MARCH,2023,TUE,469041.51868,172189.52473,45.786709999999999,-111.1849,1.28
C000291_000+0.829_001+0.842_U-606,C000291,A,001+0.394,BELGRADE,GALLATIN,FEBRUARY,2020,THU,469045.46191,172372.80521,45.788359999999997,-111.1849,1.3940000000000001
C000291_000+0.829_001+0.842_U-606,C000291,A,001+0.601,BELGRADE,GALLATIN,JANUARY,2022,WED,469058.06200,172705.56600,45.7914101372313,-111.184826245502,1.601
C000291_000+0.829_001+0.842_U-606,C000291,A,001+0.604,BELGRADE,GALLATIN,FEBRUARY,2023,WED,469058.47600,172711.50700,45.7914101372313,-111.184826245502,1.604
C000291_000+0.829_001+0.842_U-606,C000291,A,001+0.611,BELGRADE,GALLATIN,FEBRUARY,2019,SUN,469058.69800,172721.20100,45.7914101372313,-111.184826245502,1.611
C000291_000+0.829_001+0.842_U-606,C000291,A,001+0.839,BELGRADE,GALLATIN,JANUARY,2022,MON,469068.62255,173087.98677,45.794800000000002,-111.1848,1.839
C000291_001+0.842_002+0.232_L-16-2436,C000291,A,001+0.843,BELGRADE,GALLATIN,NOVEMBER,2021,WED,469069.43100,173094.41000,45.7948461289345,-111.184791848104,1.843
C000291_001+0.842_002+0.232_L-16-2436,C000291,A,001+0.947,BELGRADE,GALLATIN,FEBRUARY,2021,MON,469032.29200,173256.84600,45.7967740479882,-111.185307311007,1.947
C000291_001+0.842_002+0.232_L-16-2436,C000291,A,002+0.153,BELGRADE,GALLATIN,AUGUST,2020,TUE,468985.55900,173571.15800,0,0,2.153
